NUMERO;LIB_CHAPITRE;CATEGORIE_COMPTE
100000;CAISSE SIEGE SOCIAL;00
100100;CAISSE REMBOURSEMENT PROJET;00
100101;CAISSE - FINANCEMENT PROJET 1;00
100102;CAISSE - FINANCEMENT PROJET 2;00
100103;CAISSE - FINANCEMENT PROJET 3;00
100104;CAISSE - FINANCEMENT PROJET 4;00
100105;CAISSE - FINANCEMENT PROJET 5;00
100106;CAISSE - FINANCEMENT PROJET 6;00
100107;CAISSE - FINANCEMENT PROJET 7;00
100108;CAISSE - FINANCEMENT PROJET 8;00
100109;CAISSE - FINANCEMENT PROJET 9;00
100110;CAISSE REMBOURSEMENT  AGR;00
100801;CAISSE DE PROJET 1;00
100802;CAISSE DE PROJET 2;00
100803;CAISSE DE PROJET 3;00
100804;CAISSE DE PROJET 4;00
100805;CAISSE DE PROJET 5;00
100806;CAISSE DE PROJET 6;00
100807;CAISSE DE PROJET 7;00
100808;CAISSE DE PROJET 8;00
100809;CAISSE DE PROJET 9;00
100810;CAISSE DE PROJET 10;00
100811;CAISSE DE PROJET 11 HAMA;00
100812;CAISSE DE PROJET 12;00
100813;CAISSE DE PROJET 13;00
100814;CAISSE DE PROJET 14;00
100815;CAISSE DE PROJET 15;00
100816;CAISSE DE PROJET 16;00
100817;CAISSE DE PROJET 17;00
100818;CAISSE DE PROJET 18;00
100819;CAISSE DE PROJET 19;00
100820;CAISSE DE PROJET 20;00
100821;CAISSE DE PROJET 21;00
100822;CAISSE DE PROJET 22;00
100823;CAISSE DE PROJET 23;00
100824;CAISSE DE PROJET 24;00
100825;CAISSE DE PROJET 25;00
100826;CAISSE DE PROJET 26;00
100827;CAISSE DE PROJET 27;00
100828;CAISSE DE PROJET 28;00
100829;CAISSE DE PROJET 29;00
100830;CAISSE DE PROJET 30;00
100831;CAISSE DE PROJET 31;00
100832;CAISSE DE PROJET 32;00
100833;CAISSE DE PROJET 33;00
100834;CAISSE DE PROJET 34;00
100835;CAISSE DE PROJET 35;00
100836;CAISSE DE PROJET 36;00
100837;CAISSE DE PROJET 37;00
100838;CAISSE DE PROJET 38;00
100839;CAISSE DE PROJET 39;00
100840;CAISSE DE PROJET 40;00
100841;CAISSE DE PROJET 41;00
100842;CAISSE DE PROJET 42;00
100843;CAISSE DE PROJET 43;00
100844;CAISSE DE PROJET 44;00
100845;CAISSE DE PROJET 45;00
100846;CAISSE DE PROJET 46;00
100847;CAISSE DE PROJET 47;00
100848;CAISSE DE PROJET 48;00
100849;CAISSE DE PROJET 49;00
100850;CAISSE DE PROJET 50;00
100851;CAISSE DE PROJET 51;00
100852;CAISSE DE PROJET 52;00
100853;CAISSE DE PROJET 53;00
100990;CAISSE - REGIE D'AVANCE;00
101000;ORGANE FINANCIER;00
101100;CAISSE CENTRALE;00
102010;BANQUE CENTRALE BCM;00
102110;COMPTE À VUE : BMCI;00
102120;COMPTE À VUE : BCI;00
102200;BANQUE A L'ETRANGER;00
104000;COMPTES DE DISPONIBILITÉ ACCESSOIRES;00
105000;EFFETS À L' ENCAISSEMENT;00
105101;CHÈQUES À ENCAISSER ;00
105201;CHÈQUES À L' ENCAISSEMENT ;00
105300;CARTES DE CREDIT A ENCAISSER;00
105800;AUTRES TITRES A L'ENCAISSEMENT;00
106000;COMPTES DE TRANSFERT DEBIT. OU CREDIT.;00
107000;CRÉANCES RATTACHÉES;00
109000;VIREMENTS INTERNES;00
110000;COMPTE A TERME ORGANE FINANCIER;00
110100;COMPTE A TERME CAISSE CENTRALE;00
111000;COMPTE A TERME BANQUE CENTRALE;00
111110;COMPTE À TERME : BMCI;00
111120;COMPTE À TERME : BCI;00
111200;COMPTE A TERME BANQUE A L'ETRANGER;00
112000;COMPTE A TERME AUX ETABLISSMT FIN.;00
113000;COMPTE A TERME CHEZ LES IMF;00
117000;CRÉANCES RATTACHÉES COMPTE A TERME;00
118000;AUTRES COMPTES A TERME;00
120000;PRÊT A MOINS D'UN AN AUX INSTITUT. FIN.;00
121000;PRÊT A MOINS D'UN AN AUX ETABLISS. FINAN.;00
122000;PRÊT À MOINS D'UN AN AUX IMF;00
127000;CRÉANCES RATTACH/ PRÊTS À MOINS D'UN AN;00
128000;PRÊTS À MOINS D'UN AN A D'AUTRES ORGANISMES;00
130000;PRETS A TERME AUX INSTITUTIONS FINAN.;00
131000;PRETS A TERME AUX ETABLISSEMENTS FINAN.;00
132000;PRETS A TERME AUX IMF;00
137000;CRÉANCES RATTACHÉES PRÊT A TERME;00
138000;PRÊTS À TERME A D'AUTRES ORGANISMES;00
150000;EMPRUNTS A - D'UN AN A TX CCIAL ORG FINAN;00
150010;EMPRUNTS A - D'UN AN A TX CCIAL CAISSE CENT.;00
150100;EMPRUNTS A - D'UN AN A TAUX CCIAL BCM;00
150110;EMPRUNTS A - D'UN AN A TX CCIAL BANQ. LOCALES;00
150120;EMPRUNTS A - D'UN AN A TX CCIAL BANQ. A L'ETRANGER;00
150130;EMPRUNTS A - D'UN AN A TX CCIAL AUPRES IMF;00
150180;EMPRUNTS A - D'UN AN A TX CCIAL AUPRES D'AUTRES ORGAN.;00
151000;EMPRUNTS A - D'UN AN A TX SUBVENT. ORGANE FINAN.;00
151010;EMPRUNTS A - D'UN AN A TX SUBVENT. CAISSE CENT.;00
151100;EMPRUNTS A - D'UN AN A TX SUBVENT. BCM;00
151110;EMPRUNTS A - D'UN AN A TX SUBVENT. BANQ. LOCALES;00
151120;EMPRUNTS A - D'UN AN A TX SUBVENT. BANQ. A L'ETRANGER;00
151130;EMPRUNTS A - D'UN AN A TX SUBVENT. AUPRES IMF;00
151180;EMPRUNTS A - D'UN AN A TX SUBVENT. AUPRES D'AUTRES ORGANIS.;00
152000;DEPOTS ET CAUTIONN. RECUS A MOINS D'UN AN;00
153000;AVANCES RECUES DE L'ETAT A MOINS D'UN AN;00
154000;AVANCES RECUES ET CPTES BLOQ. MOINS D'UN AN;00
156000;OPERAT. DE TRANSFERT CREDIT. A MOINS D'UN AN;00
157000;DETTES RATTACHEES;00
158000;EMPRUNTS DETTES ASSIM. DIVERS MOINS D'UN AN;00
160000;EMPRUNT. A TERME A TX. CCIAL ORGANE FINAN/CC;00
160010;EMPRUNT. A TERME A TX. CCIAL CAISSE CENT.;00
160100;EMPRUNT. A TERME A TX. CCIAL BCM;00
160110;EMPRUNT. A TERME A TX. CCIAL BANQ. LOCALES;00
160120;EMPRUNT. A TERME A TX. CCIAL BANQ. A L'ETRANGER;00
160130;EMPRUNT. A TERME A TX. CCIAL AUPRES DES IMF;00
160180;EMPRUNT. A TERME A TX. CCIAL AUPRES D'AUTRES ORGAN.;00
161000;EMPRUNT. A TERME A TX. SUBVENT. ORGANE FINAN.;00
161010;EMPRUNT. A TERME A TX. SUBVENT. CAISSE CENTRALE;00
161100;EMPRUNT. A TERME A TX. SUBVENT. BCM;00
161110;EMPRUNT. A TERME A TX. SUBVENT. BANQUES LOCALES;00
161120;EMPRUNT. A TERME A TX. SUBVENT. BANQUES A L'ETRANGER;00
161130;EMPRUNT. A TERME A TX. SUBVENT. AUPRES DES IMF;00
161180;EMPRUNT. A TERME A TX. SUBVENT. AUTRES ORGANI.;00
162000;DEPOTS ET CAUTIONNEMENTS RECUS A TERME;00
163000;AVANCES RECUES DE L'ETAT A TERME;00
164000;AVANCES RECUES ET COMPTES BLOQUES A TERME;00
165000;EMPRUNTS OBLIGATAIRES;00
166000;OPERATIONS DE TRANSFERT CREDITEUR A TERME;00
167000;DETTES RATTACH. EMPRUNT ET DETTES A TERME;00
168000;EMPRUNTS ET DETTES ASSIM. DIVERS A TERME;00
170000;EMPRUNTS EQUIVALENTS DE CREDIT BAIL IMMOB.;00
170100;EMPRUNTS EQUIVALENTS DE CREDIT BAIL MOBILIER;00
170200;EMPRUNTS EQUIVALENTS D'AUTRES CONTRATS;00
171000;DETTES LIEES A DES PARTICIPATIONS;00
172000;COMPTES PERMANENTS BLOQUES;00
172100;COMPTES PERMANENTS NON BLOQUES;00
172200;COMPTES DE LIAISON CHARGES;00
172300;COMPTES DE LIAISON PRODUITS;00
172800;AUTRES COMPTES DE LIAISON;00
177000;DETTES RATTACH. - DETTES LIEES AU CRED. BAIL;00
178000;AUTRES DETTES;00
180000;RESSOURCES AFFECTÉES ANAPEJ;00
190000;PROV. POUR DEP. DES TITRES ET VALEURS ENCAISSER;00
190010;PROV. POUR DEP. DES COMPTES D'ETABLISS. FINAN.;00
190020;PROV. POUR DEP. DES COMPTES D'IMF;00
190080;PROV. POUR DEP. DES AVOIRS DANS D'AUTRES ORGAN.;00
200000;CRÉDITS SAINS CLASSIQUES CT AGR;00
200015;CRÉDITS SAINS CLASSIQUES PROJET;15
201000;CRÉDITS SAINS CLASSIQUES MT;00
201100;CRÉDITS SAINS MOURABAHA;00
201101;CREDIT SEYYIDETY MT;00
201110;CRÉDITS SAINS MOUDARABA;00
201120;CRÉDITS SAINS MOUCHARAKA;00
201130;CRÉDITS SAINS IJARA;00
201140;CRÉDITS SAINS ISTISNA;00
201180;AUTRES CRÉDITS SAINS MT;00
202000;CRÉDITS SAINS CLASSIQUES LT;00
202100;CRÉDITS SAINS MOURABAHA;00
202110;CRÉDITS SAINS MOUDARABA;00
202120;CRÉDITS SAINS MOUCHARAKA;00
202130;CRÉDITS SAINS IJARA;00
202140;CRÉDITS SAINS ISTISNA;00
202180;AUTRES CRÉDITS SAINS LT;00
207000;CRÉANCES RATTACH. - CRED. SAINS ORDINAIRES;00
207100;CRÉANCES RATTACH. - CRED. SAINS MOURABAHA;00
207110;CRÉANCES RATTACH. - CRED. SAINS MOUDARABA;00
207120;CRÉANCES RATTACH. - CRED. SAINS MOUCHARAKA;00
207130;CRÉANCES RATTACH. - CRED. SAINS IJARA;00
207140;CRÉANCES RATTACH. - CRED. SAINS ISTISNA;00
207200;CRÉANCES RATTACH. - CRED. SAINS MOURABAHA;00
207210;CRÉANCES RATTACH. - CRED. SAINS MOUDARABA;00
207220;CRÉANCES RATTACH. - CRED. SAINS MOUCHARAKA;00
207230;CRÉANCES RATTACH. - CRED. SAINS IJARA;00
207240;CRÉANCES RATTACH. - CRED. SAINS ISTISNA;00
207300;CRÉANCES RATTACH. - CRED. SAINS MOURABAHA;00
207310;CRÉANCES RATTACH. - CRED. SAINS MOUDARABA;00
207320;CRÉANCES RATTACH. - CRED. SAINS MOUCHARAKA;00
207330;CRÉANCES RATTACH. - CRED. SAINS IJARA;00
207340;CRÉANCES RATTACH. - CRED. SAINS ISTISNA;00
207900;CRÉANCES RATTACH. - INTERETS EN SUSPENS;00
210000;CRÉDITS EN DEPASSMT SAINS CLASSIQUES CT;00
210100;CRÉDITS SAINS MOURABAHA;00
210110;CRÉDITS SAINS MOUDARABA;00
210120;CRÉDITS SAINS MOUCHARAKA;00
210130;CRÉDITS SAINS IJARA;00
210140;CRÉDITS SAINS ISTISNA;00
210180;AUTRES CRÉDITS SAINS;00
211000;CRÉDITS EN DEPASSMT SAINS CLASSIQUES MT;00
211100;CRÉDITS SAINS MOURABAHA;00
211110;CRÉDITS SAINS MOUDARABA;00
211120;CRÉDITS SAINS MOUCHARAKA;00
211130;CRÉDITS SAINS IJARA;00
211140;CRÉDITS SAINS ISTISNA;00
211180;AUTRES CRÉDITS SAINS;00
212000;CRÉDITS EN DEPASSMT SAINS CLASSIQUES LT;00
212100;CRÉDITS SAINS MOURABAHA;00
212110;CRÉDITS SAINS MOUDARABA;00
212120;CRÉDITS SAINS MOUCHARAKA;00
212130;CRÉDITS SAINS IJARA;00
212140;CRÉDITS SAINS ISTISNA;00
212180;AUTRES CRÉDITS SAINS;00
217000;CRÉANCES RATTACH. - CRED. SAINS EN DEPASSMT PLAFONDS;00
220000;CREANCES EN SOUFFRANCE;00
230010;CREANCES DOUT. LITIGIEUSES ET CONTENT. MT;00
230020;CREANCES DOUT. LITIGIEUSES ET CONTENT. LT;00
240000;DÉPÔT À VUE;00
241000;EPARGNE STABLE;00
242000;DÉPÔT À TERME;00
243000;EPARGNE NANTIE;00
244000;PLAN EPARGNE;00
247000;DETTES RATTACHÉES;00
248000;AUTRES DEPOTS;00
260000;ACTIONNAIRES - OPERATIONS SUR LE CAPITAL;00
260010;ACTIONNAIRES - OPERATIONS DIVERSES;00
261000;ACTIONNAIRES - DIVIDENDES A PAYER;00
261010;ACTIONNAIRES - UNITE PARTICIPAT. FINAN.;00
261080;AURTRES COMPTES ACTIONNAIRES CREDITEURS;00
280000;AUTRES DETTES A COURT TERME DES MEMBRES;00
290000;PROVISIONS POUR DÉPRÉCIATION DES CREANCES;00
300000;STOCKS;00
300001;STOCKS PROJET 1;00
300002;STOCKS PROJET 2;00
300003;STOCKS PROJET 3;00
300004;STOCKS PROJET 4;00
300005;STOCKS PROJET 5;00
300006;STOCKS PROJET 6;00
300007;STOCKS PROJET 7;00
300008;STOCKS PROJET 8;00
300009;STOCKS PROJET 9;00
300010;STOCKS PROJET 10;00
300011;STOCKS PROJET 11;00
300012;STOCKS PROJET 12;00
300013;STOCKS PROJET 13;00
300014;STOCKS PROJET 14;00
300015;STOCKS PROJET 15;00
300016;STOCKS PROJET 16;00
310000;TITRES DU TRESOR ET BONS DE CAISSES A CT;00
311000;BONS DE SOUSCRIPTIONS;00
312000;TITRES NEGOCIABLES A L'ETRANGER;00
317000;CREANCES RATTACHEES - TITRES CT;00
318000;AUTRES TITRES A COURT TERME;00
320000;AVANCES SUR AU PERSONNEL DG;00
320001;AVANCES SUR AU PERSONNEL MAHJOUB;00
320002;AVANCES SUR AU PERSONNEL DJIBI;00
320003;AVANCES SUR AU PERSONNEL BRAHIM;00
320004;AVANCES SUR AU PERSONNEL SOULEYMAN;00
320005;AVANCES SUR AU PERSONNEL HACEN;00
320006;AVANCE 13 MOIS;00
320007;AVANCE DECOMPTE CONGE;00
320008;AVANCE PRIME;00
320010;AVANCES EXCEPTIONELLE AU  PERSONNEL DG;00
320011;AVANCES EXCEPTIONNELLE AU PERSONNEL MAHJOUB;00
320012;AVANCES EXCEPTIONNELLE AU PERSONNEL DJIBI;00
320013;AVANCES EXCEPTIONNELLE AU PERSONNEL BRAHIM;00
320014;AVANCES EXCEPT AU PERSONNEL SOULEYMAN;00
320015;AVANCES EXCEP AU PERSONNEL HACEN;00
321000;PRETS AU PERSONNEL DG;00
321001;PRETS AU PERSONNEL MAHJOUB;00
321002;PRETS AU PERSONNEL DJIBI;00
321003;PRETS AU PERSONNEL BRAHIM;00
321004;PRETS AU PERSONNEL SOULEYMAN;00
321005;PRETS AU PERSONNEL HACEN;00
321006;PRETS AU PERSONNEL 6;00
321010;PRETS EXCEPTIONNEL AU PERSONNEL 0;00
321011;PRETS EXCEPTIONNEL AU PERSONNEL 1;00
321012;PRETS EXCEPTIONNEL AU PERSONNEL 2;00
321013;PRETS EXCEPTIONNEL AU PERSONNEL 3;00
321014;PRETS EXCEPTIONNEL AU PERSONNEL 4;00
322000;COMPTE D'ATTENTE EPARGNE DÉBITEURS;00
323000;COMPTE D'ATTENTE CREDITS DÉBITEURS;00
323001;COMPTE D'ATTENTE CREDITS DÉBITEURS 1;00
323002;COMPTE D'ATTENTE CREDITS DÉBITEURS 2;00
323003;COMPTE D'ATTENTE CREDITS DÉBITEURS 3;00
323004;COMPTE D'ATTENTE CREDITS DÉBITEURS 4;00
323005;COMPTE D'ATTENTE CREDITS DÉBITEURS 5;00
323006;COMPTE D'ATTENTE CREDITS DÉBITEURS 6;00
323007;COMPTE D'ATTENTE CREDITS DÉBITEURS 7;00
323008;COMPTE D'ATTENTE CREDITS DÉBITEURS 8;00
323009;COMPTE D'ATTENTE CREDITS DÉBITEURS 9;00
323010;COMPTE D'ATTENTE CREDITS DÉBITEURS 10;00
323011;COMPTE D'ATTENTE CREDITS DÉBITEURS 11;00
323012;COMPTE D'ATTENTE CREDITS DÉBITEURS 12;00
323013;COMPTE D'ATTENTE CREDITS DÉBITEURS 13;00
323014;COMPTE D'ATTENTE CREDITS DÉBITEURS 14;00
323015;COMPTE D'ATTENTE CREDITS DÉBITEURS 15;00
323016;COMPTE D'ATTENTE CREDITS DÉBITEURS 16;00
323017;COMPTE D'ATTENTE CREDITS DÉBITEURS 17;00
323018;COMPTE D'ATTENTE CREDITS DÉBITEURS 18;00
323019;COMPTE D'ATTENTE CREDITS DÉBITEURS 19;00
324000;COMPTE D'ATTENTE ERREURS DE CAISSE DÉBIT.;00
324100;DÉFICIT DE CAISSE : PROJET;00
324101;DÉFICIT DE CAISSE : CAISSIER 1 PROJET;00
324102;DÉFICIT DE CAISSE : CAISSIER 2 PROJET;00
324103;DÉFICIT DE CAISSE : CAISSIER 3 PROJET;00
324110;DÉFICIT DE CAISSE : AGR;00
324990;DÉFICIT DE CAISSE : REGIE D'AVANCE;00
327000;CREANCES RATTACHEES - DEBITEURS DIVERS;00
327001;CREANCES RATTACHEES - DEBITEURS DIVERS P1;00
327002;CREANCES RATTACHEES - DEBITEURS DIVERS P2;00
327003;CREANCES RATTACHEES - DEBITEURS DIVERS P3;00
327004;CREANCES RATTACHEES - DEBITEURS DIVERS P4;00
327005;CREANCES RATTACHEES - DEBITEURS DIVERS P5;00
327006;CREANCES RATTACHEES - DEBITEURS DIVERS P6;00
327007;CREANCES RATTACHEES - DEBITEURS DIVERS P7;00
327008;CREANCES RATTACHEES - DEBITEURS DIVERS P8;00
327009;CREANCES RATTACHEES - DEBITEURS DIVERS P9;00
327010;CREANCES RATTACHEES - DEBITEURS DIVERS P10;00
327011;CREANCES RATTACHEES - DEBITEURS DIVERS P11;00
327012;CREANCES RATTACHEES - DEBITEURS DIVERS P12;00
327013;CREANCES RATTACHEES - DEBITEURS DIVERS P13;00
327014;CREANCES RATTACHEES - DEBITEURS DIVERS P14;00
327015;CREANCES RATTACHEES - DEBITEURS DIVERS P15;00
327016;CREANCES RATTACHEES - DEBITEURS DIVERS P16;00
327017;CREANCES RATTACHEES - DEBITEURS DIVERS P17;00
328000;AUTRES DÉBITEURS;00
328001;COMPTE D'ATTENTE ET AFFECTATION 1;00
328002;COMPTE D'ATTENTE ET AFFECTATION  2;00
328003;COMPTE D'ATTENTE ET AFFECTATION 3;00
328004;COMPTE D'ATTENTE ET AFFECTATION 4;00
328005;COMPTE D'ATTENTE ET AFFECTATION 5;00
328006;COMPTE D'ATTENTE ET AFFECTATION 6;00
328007;COMPTE D'ATTENTE ET AFFECTATION  7;00
328008;COMPTE D'ATTENTE ET AFFECTATION 8;00
328009;COMPTE D'ATTENTE ET AFFECTATION 9;00
328010;COMPTE D'ATTENTE ET AFFECTATION 10;00
330000;ETAT IMPOTS SUR LE REVENU;00
330100;ETAT RETENUES SUR SALAIRES;00
330101;ETAT RETENUES SUR SALAIRES JAN 2017;00
330110;ETAT RETENUES SUR SALAIRES  AVANT 2017;00
330200;ETAT TAXES SUR LES ACTIVITES MICROFINAN.;00
330300;taxes sur les opérations financières (TOF);00
330400;impôts minimum forfaitaires (IMF);00
330500;Impôts sur les revenus fonciers (IRF);00
330600;impôts sur le bénéfice industriel et commercial (BIC);00
330700;Taxe d’apprentissage (TA);00
330800;ETAT AUTRES DETTES;00
330900;ETAT CREANCES DIVERSES;00
331000;COLLECTIVITES PUBLIQUES;00
331100;Patente;00
331200;Droit d’Enseigne;00
331300;Impôts foncier;00
340000;CAISSE NATIONALE DE SECURITE SOCIALE;00
340010;CAISSE NATIONALE DE SECURITE SOCIALE VANT 2017;00
348000;CAISSE NATIONALE D'ASSURANCE MALADIE;00
348010;AUTRE ORGANISME SOCIAUX;00
350000;REMUNERAT. DUES AU PERSONNEL NON NATIONAL;00
350100;REMUNERAT. NETTES AU PERSONNEL EXTERIEUR;00
350200;REMUNERAT. NETTES DUES AU PERSONNEL;00
350800;AUTRES DETTES DUES AU PERSONNEL;00
351000;COMPTE D'ATTENTE EPARGNE CREDITEUR;00
352000;COMPTE D'ATTENTE CREDITS CREDITEUR;00
352001;COMPTE D'ATTENTE CREDITS CREDITEUR 1;00
352002;COMPTE D'ATTENTE CREDITS CREDITEUR 2;00
352003;COMPTE D'ATTENTE CREDITS CREDITEUR 3;00
352004;COMPTE D'ATTENTE CREDITS CREDITEUR 4;00
352005;COMPTE D'ATTENTE CREDITS CREDITEUR 5;00
352006;COMPTE D'ATTENTE CREDITS CREDITEUR 6;00
352007;COMPTE D'ATTENTE CREDITS CREDITEUR 7;00
352008;COMPTE D'ATTENTE CREDITS CREDITEUR 8;00
352009;COMPTE D'ATTENTE CREDITS CREDITEUR 9;00
352010;COMPTE D'ATTENTE CREDITS CREDITEUR 10;00
352011;COMPTE D'ATTENTE CREDITS CREDITEUR 11;00
352012;COMPTE D'ATTENTE CREDITS CREDITEUR 12;00
352013;COMPTE D'ATTENTE CREDITS CREDITEUR 13;00
352014;COMPTE D'ATTENTE CREDITS CREDITEUR 14;00
352015;COMPTE D'ATTENTE CREDITS CREDITEUR 15;00
352016;COMPTE D'ATTENTE CREDITS CREDITEUR 16;00
352017;COMPTE D'ATTENTE CREDITS CREDITEUR 17;00
352018;COMPTE D'ATTENTE CREDITS CREDITEUR 18;00
352019;COMPTE D'ATTENTE CREDITS CREDITEUR 19;00
352020;COMPTE D'ATTENTE CREDITS CREDITEUR 20;00
352021;COMPTE D'ATTENTE CREDITS CREDITEUR 21;00
352022;COMPTE D'ATTENTE CREDITS CREDITEUR 22;00
352023;COMPTE D'ATTENTE CREDITS CREDITEUR 23;00
353000;COMPTE D'ATTENTE ERREURS DE CAISSE CREDIT.;00
353100;SURPLUS DE CAISSE : PROJET;00
353101;SURPLUS DE CAISSE : CAISSIER 1 PROJET;00
353102;SURPLUS DE CAISSE : CAISSIER 2 PROJET;00
353103;SURPLUS DE CAISSE : CAISSIER 3 PROJET;00
353110;SURPLUS DE CAISSE : AGR;00
353990;SURPLUS DE CAISSE : REGIE;00
358000;AUTRES CRÉDIT. SUR EPARGNES;00
358010;COMPTE D'ATTENTE ET AFFECTATION ;00
360000;CHARGES CONSTATÉES D'AVANCE;00
361000;PRODUITS A RECEVOIR;00
362000;CHARGES A REPARTIR SUR PLUSIEURS EXERCICES;00
363000;INTERETS RESERVES;00
370000;PRODUITS CONSTATÉS D'AVANCE;00
371000;CHARGES A PAYER;00
379999;COMPTE DE LIAISON;00
380000;ECART DE CONVERSION ACTIF;00
381000;ECART DE CONVERSION PASSIF;00
390000;PROVISION POUR DÉPRÉCIATION TITRES A CT;00
391000;PROVISION POUR DÉPRÉCIATION DES DÉBIT. DIVERS;00
400000;ACTIONS;00
400010;OBLIGATIONS;00
402000;TITRES ET CERTIFICATS D'INVESTISSEMENT;00
402100;PARTS DE FONDS COMMUNS DE PLACEMENT;00
402800;AUTRES TITRES IMMOBILISES;00
410000;DÉPÔTS POUR L'EAU;00
410100;DÉPÔTS POUR ELECTRICITE;00
410200;DÉPÔTS POUR TELEPHONE & COMMUNICATION;00
410300;DÉPÔTS POUR LOYER;00
410800;CAUTIONNEMENTS VERSES A L'UNION;00
411000;PRETS AU PERSONNEL A PLUS D'UN AN;00
412000;CREANCES SUR LE TRESOR;00
415000;CREANCES IMMOBILISEES;00
417000;CREANCES RATTACHEES - IMMOB. FINANCIERES;00
418000;AUTRES CREANCES A PLUS D'UN AN;00
420000;FRAIS D'ETABLISSEMENT;00
420800;AUTRE FRAIS IMMOBILISES;00
421000;FRAIS DE RECHERCHE ET DE DEVELOPPEMENT;00
421100;LOGICIELS;00
421200;FONDS COMMERCIAL ET DROIT AU BAIL;00
421800;AUTRE DROITS ET VALEUR INCORPORELS;00
431000;TERRAINS ET AMÉNAGEMENTS DE TERRAINS;00
432000;CONSTRUCTIONS;00
433000;AGENCEMENT AMENAGEMENT ET INSTALATION AAI;00
434000;MOBILIER DE BUREAU;00
434100;MATERIEL DE BUREAU;00
434200;MATERTIEL INFORMATIQUE;00
434300;MATERIEL DE TRANSPORT;00
434800;AUTRES MATERIELS;00
434801;AUTRES MATERIELS 1;00
434802;AUTRES MATERIELS 2;00
434803;AUTRES MATERIELS 3;00
434804;AUTRES MATERIELS 4;00
434805;AUTRES MATERIELS 5;00
434806;AUTRES MATERIELS 6;00
434807;AUTRES MATERIELS 7;00
434808;AUTRES MATERIELS 8;00
434809;AUTRES MATERIELS 9;00
434810;AUTRES MATERIELS 10;00
434811;AUTRES MATERIELS 11;00
434812;AUTRES MATERIELS 12;00
434813;AUTRES MATERIELS 13;00
434814;AUTRES MATERIELS 14;00
434815;AUTRES MATERIELS 15;00
434816;AUTRES MATERIELS 16;00
434817;AUTRES MATERIELS 17;00
434818;AUTRES MATERIELS 18;00
434819;AUTRES MATERIELS 19;00
434820;AUTRES MATERIELS 20;00
434821;AUTRES MATERIELS 21;00
442000;CONSTRUCTION EN LOCATION;00
444000;MOBILIER DE BUREAU EN LOCATION;00
444100;MATERIEL DE BUREAU EN LOCATION;00
444200;MATERIEL INFORMATIQUE EN LOCATION;00
444300;MATERIEL DE TRANSPORT EN LOCATION;00
444800;AUTRES MATERIELS EN LOCATION;00
450000;IMMOBILISATIONS INCORPORELLES EN COURS;00
451000;IMMOBILISATIONS CORPORELLES EN COURS;00
482000;AMORTISSEMENT DES IMMOB. INCORPORELLES;00
483100;AMORTISSEMENT DES TERRAINS;00
483200;AMORTISSEMENT DES CONSTRUCTIONS;00
483300;AMORTISSEMENT DES AGEN. AMENAG. INSTALL. AAI;00
483400;AMORTISSEMENT MOBILIER DE BUREAU;00
483410;AMORTISSEMENT MATERIEL DE BUREAU;00
483420;AMORTISSEMENT MATERIEL INFORMATIQUE;00
483430;AMORTISSEMENT MATERIEL DE TRANSPORT;00
483480;AMORTISSEMENT IMMOB. CORPOR. EXPLOIT. DIVERS;00
484200;AMORTISSEMENT DES CONSTRUCTIONS;00
484400;AMORTISSEMENT MOBILIER DE BUREAU;00
484410;AMORTISSEMENT MATERIEL DE BUREAU;00
484420;AMORTISSEMENT MATERIEL INFORMATIQUE;00
484430;AMORTISSEMENT MATERIEL DE TRANSPORT;00
484480;AMORTISSEMENT IMMOB. CORPOR. EXPLOIT. EN LOCAT. DIVERS;00
491000;PROV. POUR DÉPRÉCIATION DES IMMOB. FINAN.;00
492000;PROV. POUR DÉPRÉCIAT. DES IMMOB. INCORPOR.;00
493000;PROV. POUR DÉPRÉCIAT. IMMOB. CORPOR. EXPLOIT.;00
493100;PROV. POUR DÉPRÉCIAT. DES TERRAINS;00
493300;PROV. POUR DÉPRÉCIAT. DES IMMOB. CORPORELLES;00
493800;PROV. POUR DÉPRÉCIAT. AUTRES IMMOB. CORPOR.EXPLOIT.;00
494000;PROV. POUR DÉPRÉCIAT. IMMOB. CORPOR. EN LOCAT.;00
500000;SUBVENTIONS D'EQUIPEMENT;00
510000;PROVISIONS POUR LITIGES;00
511000;PROV. POUR ENGAGMT PAR SIGNATURE AUX CLIENTS CT;00
511100;PROV. POUR ENGAGMT PAR SIGNATURE AUX CLIENTS MT;00
511200;PROV. POUR ENGAGMT PAR SIGNATURE AUX CLIENTS LT;00
512000;PROV. POUR PERTES SUR MARCHES ET DE CHANGE;00
513000;PROVISIONS POUR IMPOTS;00
514000;PROV. POUR PENSIONS ET OBLIGATIONS SIMILAIRES;00
518000;PROVISIONS POUR AMENDES ET PENALITES;00
518100;PROVISIONS POUR RENOUVELLMT DES EQUIPMTS;00
518200;PROVISIONS DE PROPRE ASSUREUR;00
518800;PROV. FINAN. POUR RISQUES ET CHARGES DIVERSES;00
520000;SUBVENTIONS ANTERIEURES EN FONDS PROPRES;00
521000;SUBVENTIONS EN FONDS PROPRES DE L'EXERCICE;00
521010;SUBVENTIONS EN FONDS PROPRES DE L'EXERCICE AUTRE;00
522000;FONDS DE GARANTIE ETAT;00
522100;FONDS DE GARANTIE BANQUE CENTRALE;00
522200;FONDS DE GARANTIE ORGANISME PUBLICS;00
522300;FONDS DE GARANTIE ETABLISSMT DE CREDIT;00
523000;FONDS DE GARANTIE CONSTITUE EN INTERNE;00
528000;FONDS DIVERS ENCAISSES;00
528100;FONDS DE GARANTIE SOLIDAIRE;00
530000;RÉSERVES GENERALES;00
531000;RÉSERVES STATUAIRES OU CONTRACTUELLES;00
532000;RÉSERVES REGLEMENTEES;00
538000;AUTRES RÉSERVES;00
540000;PROVISIONS REGLEMENTEES;00
548000;AMORTISSEMENTS DEROGATOIRES;00
548100;PLUS VALUES DE CESSIONS A REINVESTIR;00
548200;FONDS REGLEMENTES;00
548300;PLUS VALUES DE CESSIONS ;00
550000;REPORT A NOUVEAU;00
550010;REPORT A NOUVEAU DEBITEUR;00
550020;REPORT A NOUVEAU CREDITEUR;00
560000;CAPITAL SOUSCRIT APPELE VERSE;00
560100;CAPITAL SOUSCRIT APPELE NON VERSE;00
560200;CAPITAL SOUSCRIT VERSE AMORTI;00
560300;CAPITAL SOUSCRIT NON APPELE;00
561000;PRIMES D'EMISSION;00
561100;PRIMES DE FUSION;00
561200;PRIMES D'APPORT;00
561300;PRIMES DE CONVERSION;00
562000;ECART DE REEVALUATION;00
580000;AUTRES FONDS STABLES RECUS DES MEMBRES;00
590000;RESULTAT NET DE L'EXERCICE;00
590010;RESULTAT NET DE L'EXERCICE 2010;00
590011;RESULTAT NET DE L'EXERCICE 2011;00
590012;RESULTAT NET DE L'EXERCICE 2012;00
590013;RESULTAT NET DE L'EXERCICE 2013;00
590014;RESULTAT NET DE L'EXERCICE 2014;00
590015;RESULTAT NET DE L'EXERCICE 2015;00
590016;RESULTAT NET DE L'EXERCICE 2016;00
590017;RESULTAT NET DE L'EXERCICE 2017;00
590018;RESULTAT NET DE L'EXERCICE 2018;00
600000;INTERETS SUR DÉPÔTS À VUE;00
600100;INTERETS SUR EPARGNE STABLE;00
600200;INTERETS SUR DÉPÔTS À TERME;00
600300;INTERETS SUR PLAN EPARGNE;00
600400;INT. / EMPRUNTS À MOINS ORGANE FINAN.;00
600410;INT. / EMPRUNTS À MOINS D' UN AN CAISSE CENT.;00
600420;INT. / EMPRUNTS À MOINS D' UN AN BANQUE CENT.;00
600430;INT. / EMPRUNTS À MOINS D' UN AN BANQUES LOCALES;00
600440;INT. / EMPRUNTS À MOINS D' UN AN BANQUES A L'ETRANGRE;00
600450;INT. / EMPRUNTS À MOINS D' UN AN ETABLISS. FINAN.;00
600460;INT. / EMPRUNTS À MOINS D' UN AN AUPRES DES IMF;00
600500;INT. / EMPRUNTS À TERME ORGANE FINAN.;00
600510;INT. / EMPRUNTS À TERME CAISSE CENTRALE;00
600520;INT. / EMPRUNTS À TERME BANQUE CENTRALE;00
600530;INT. / EMPRUNTS À TERME BANQUES LOCALES;00
600540;INT. / EMPRUNTS À TERME BANQUES A L'ETRANGRE;00
600550;INT. / EMPRUNTS À TERME BANQUES ETABLISS. FINAN.;00
600560;INT. / EMPRUNTS À TERME BANQUES AUPRES DES IMF;00
600580;INT. / EMPRUNTS À TERME BANQUES AUTRES ORGAN.;00
600800;AUTRES INTERETS;00
608000;COMMISSIONS;00
608100;INTERETS DANS LOYERS CREDIT BAIL;00
608200;CHARGES NETTE/CESSION DE TITRES A CT;00
608400;CHARGES SUR ENGAGEMENTS HORS BILAN;00
610000;ACHATS BIENS ET SERVICES STINES AUX CLIENTS;00
611000;ACHATS DE FOURNITURES DE BUREAU;00
611900;VARIATION DE STOCK;00
612000;EAU;00
612100;ÉLECTRICITÉ;00
613000;CARBURANT;00
614000;PRODUITS D'ENTRETIENS;00
618000;ACHAT CONSOMABLE ;00
618010;ACHAT PETITS OUTILS;00
618020;AUTRES ACHATS;00
620000;TRANSPORT DE PLIS;00
620100;VOYAGES ET DÉPLACEMENT;00
620200;TRANSPORTS ADMINISTRATIFS;00
620300;FRAIS DE MISSION;00
620800;AUTRES FRAIS DE TRANSPORT;00
621000;LOCATIONS A USAGE DE BUREAU;00
621800;LOCATIONS DIVERSES ET CHARGES LOCATIVES;00
622000;ENTRETIENS ET REPARATIONS DE BIENS IMMOB.;00
622100;ENTRETIENS ET REPARATIONS DE BIENS MOBILIERS;00
622200;MAINTENANCE INFORMATIQUE;00
622210;MAINTENANCE VOITURE;00
622230;MAINTENANCE ( NETTOYAGE );00
622800;AUTRES ENTRETIENS ET REPARATIONS;00
623000;ASSURANCES MATERIEL DE TRANSPORT;00
623100;ASSURANCES RISQUES D'EXPLOITATION;00
623800;AUTRES ASSURANCES;00
624000;AVOCAT;00
624010;COMMISSAIRE AUX COMPTES;00
624020;NOTAIRE;00
624030;AUTRE HONORAIRE;00
624100;FRAIS D'ACTES ET CONTENTIEUX;00
624800;AUTRES PRESTATIONS ET SERVICES;00
624810;ASSISSTANCE SYSTEM;00
625000;ANNONCES ET INSERTIONS;00
625100;CATALOGUES IMPRIMES PUBLICITAIRES;00
625200;CADEAUX A LA CLIENTELE;00
625800;AUTRES CHARGES DE PUBLICITE ET RELAT. PUBLIQUES;00
626000;FRAIS DE TELEPHONE;00
626100;FRAIS DE TELEX ET DE TELECOPIE;00
626800;AUTRES FRAIS DE TELECOMMUNICATIONS;00
627000;FRAIS SUR TITRES ET EFFETS;00
627100;COMMISSIONS SUR CARTES DE CREDIT;00
627800;AUTRES FRAIS BANCAIRES;00
628000;FRAIS DE FORMAT. EDUCAT. ETUDES & ET DE RECH.;00
628200;REDEVANCES DE CREDIT BAIL;00
628800;FRAIS DE RECRUTEMENT DU PERSONNEL;00
628810;RECEPTION;00
628820;GARDINNAGE;00
628830;FRAIS DE SAISIE, D'IMPRIMERIE ET DE PHOTOCOPIE;00
628880;CHARGES EXTERIEURES DIVERSES;00
630000;PATENTES LICENCES ET TAXES ANNEXES;00
630100;TAXES SUR APPOINTEMENTS ET SALAIRES;00
630200;TAXES SUR LES ACTIVITES DE MICROFINANCE;00
630800;AUTRES IMPÔTS ET TAXES DIRECTS;00
631000;DROIT DE MUTATION;00
631010;VIGNETTES ET AUTRES TAXES SUR VEHICULES;00
631800;AUTRES IMPÔTS ET TAXES INDIRECTS;00
632000;PENALITES D'ASSIETTE D'IMPÔTS;00
632100;PENALITES DE RECOUVRMENT;00
632800;AUTRES AMENDES PENALES ET FISCALES;00
640000;FRAIS DE REUNION DES ORGANES;00
641000;PERTES SUR CREDIT;00
641001;PERTES SUR CREDIT PROJET 1;00
641002;PERTES SUR CREDIT PROJET 2;00
641003;PERTES SUR CREDIT PROJET 3;00
641004;PERTES SUR CREDIT PROJET 4;00
641005;PERTES SUR CREDIT PROJET 5;00
641006;PERTES SUR CREDIT PROJET 6;00
641007;PERTES SUR CREDIT PROJET 7;00
641008;PERTES SUR CREDIT PROJET 8;00
641009;PERTES SUR CREDIT PROJET 9;00
641010;PERTES SUR CREDIT PROJET 10;00
641011;PERTES SUR CREDIT PROJET 11;00
641012;PERTES SUR CREDIT PROJET 12;00
641013;PERTES SUR CREDIT PROJET 13;00
641014;PERTES SUR CREDIT PROJET 14;00
641015;PERTES SUR CREDIT PROJET 15;00
641016;PERTES SUR CREDIT PROJET 16;00
642000;DONS;00
643000;DEFICIT DE CAISSE;00
644000;PERTES DE CHANGE;00
645000;FRAIS DE SIEGE;00
648000;AUTRE CHARGES DIVERSES;00
648001;CHARGE  SUR PROJET 1;00
648002;CHARGE  SUR PROJET 2;00
648003;CHARGE  SUR PROJET 3;00
648004;CHARGE  SUR PROJET 4;00
648005;CHARGE  SUR PROJET 5;00
648006;CHARGE  SUR PROJET 6;00
648007;CHARGE  SUR PROJET 7;00
648008;CHARGE  SUR PROJET 8;00
648009;CHARGE  SUR PROJET 9;00
648010;CHARGE  SUR PROJET 10;00
648011;CHARGE  SUR PROJET 11;00
648012;CHARGE  SUR PROJET 12;00
648013;CHARGE  SUR PROJET 13;00
648014;CHARGE  SUR PROJET 14;00
648015;CHARGE  SUR PROJET 15;00
648016;CHARGE  SUR PROJET 16;00
648017;CHARGE  SUR PROJET 17;00
648018;CHARGE  SUR PROJET 18;00
648019;CHARGE  SUR PROJET 19;00
648020;CHARGE  SUR PROJET 20;00
648021;CHARGE  SUR PROJET 21;00
648022;CHARGE  SUR PROJET 22;00
648023;CHARGE  SUR PROJET 23;00
648024;CHARGE  SUR PROJET 24;00
648025;CHARGE  SUR PROJET 25;00
650000;APPOINTEMENTS SALAIRES ET COMMISSIONS;00
650100;PRIMES ET GRATIFICATIONS;00
650200;CONGES PAYES;00
650300;INDEMNITES DE LICENCIEMENT;00
650400;INDEMNITES DE MALADIE;00
650500;AVANTAGE EN NATURE;00
650600;13 EM MOIS;00
650800;AUTRES REMUNERATIONS DIRECTES;00
651000;APPOINTEMENTS SALAIRES ET COMMISSIONS PERSONNEL NON NATIONAM;00
652000;INDEMNITES DE LOGEMENT;00
652100;INDEMNITES DE REPRESENTATION;00
652800;AUTRES INDEMNITES ET AVANTAGES;00
653000;CHARGES SOC. SUR PERSONNEL NATIONAL;00
653100;CHARGES SOC. SUR PERSONNEL NON NATIONAL;00
655000;PERSONNEL DETACHE;00
655100;PERSONNEL INTERIMAIRE;00
655300;INDEMNITE VERSES AUX STAGIAIRES ET CONTRACTUELS;00
658000;VERSEMENTS AUX SYNDICATS;00
658100;VERSEMENTS AU COMITE D'HYGIENE SECURITE;00
658200;VERSEMENTS AUX ŒUVRES SOCIALES;00
658300;MEDECINE DU TRAVAIL PHARMACIE;00
658800;CHARGES SALARIALES DIVERSES;00
660000;DOTATIONS AUX AMORT. DES IMMOB. INCORPOR.;00
661000;DOTATIONS AUX AMORT. DES IMMOB. CORPOR.;00
662000;DOTATIONS AUX PROV. POUR CREANCES EN SOUFF.;00
663000;DOTATIONS AUX PROV. POUR INT. ET COMM. DUES;00
664000;DOTATIONS AUX PROV. POUR RISQUES ET CHARGES;00
665000;DOTAT. AUX PROV. POUR CREANCES DTX LITITIG. ET CONTENT.;00
668000;DOTATIONS AUX PROVISIONS DIVERSES;00
670000;VALEUR COMPTAB. DES ÉLÉMENTS D' ACTIF CÉDÉS;00
678000;CHARGES EXCEPTIONNELLES DE L'EXERCICE;00
678100;CHARGES EXCEPTIONN. SUR EXERCICE ANTERIEURS;00
690000;PARTICIPATIONS DES SALARIES AU RESULTAT;00
691000;IMPOT SUR LE RESULTAT;00
700000;INTERETS SUR CRÉDITS SAINS ORDINAIRES;00
700100;INT/CRÉDITS SAINS EN DEPASS. PLAFONDS AUTO. ST/FAIT. CT;00
700110;INT/CRÉDITS SAINS EN DEPASS. PLAFONDS AUTO. ST/FAIT. MT&LT;00
700400;INTERETS DE RETARD SUR CREDIT;00
700500;PÉNALITÉS DE RETARD;00
701000;MARGE/CREDITS 3M & AUTRES ORDINAIRES;00
701010;MARGE/CREDITS 3M - COURT TERME;00
701020;MARGE/CREDITS 3M - MOYEN ET LONG TERME;00
701100;MARGE/CREDITS 3M & AUTRES EN DEPASS.PLAFONDS AUTO. ST/FAITIERES;00
702000;PARTICIPAT. DES MEMB. AUX FRAIS DE GESTION CRED. ORD;00
702010;PARTICIPAT. DES MEMB. - FRAIS DE DOSSIER;00
702050;PARTICIPAT. DES MEMB. - FRAIS DE GESTION;00
702100;PARTICIPAT. MEMB.  AUX FRAIS GESTION CRED. EN DEP PLAFONDS;00
703000;INT. SUR PRÊTS A MOINS D'UN AN AUX INST. FINAN.;00
703100;INT. SUR PRÊTS A MOINS D'UN AN AUX ETAB. FINAN.;00
703200;INT. SUR PRÊTS A MOINS D'UN AN AUX IMF;00
703800;INT. SUR PRÊTS A MOINS D'UN AN A D'AUTRES ORGAN.;00
704000;INT. SUR PRÊTS A TERME AUX INST. FINANCIERES;00
704100;INT. SUR PRÊTS A TERME AUX ETAB. FINANCIERS;00
704200;INTERETS SUR PRÊTS A TERME AUX IMF;00
704800;INT. SUR PRÊTS A TERME A D'AUTRES ORGANISMES;00
705100;INT. SUR COMPTES A VUE CAISSE CENTRALE;00
705200;INT. SUR COMPTES A VUE ETABLISS. FINANCIERS;00
705300;INT. SUR COMPTES A VUE AUPRES DES BANQUES;00
705400;INT. SUR COMPTES A VUE AUPRES DES IMF;00
705800;INT. SUR COMPTES A VUE AUPRES D'AUTRES ORGAN.;00
706000;INT. SUR COMPTE A TERME ORGANE FINANCIER;00
706100;INT. SUR COMPTE A TERME CAISSE CENTRALE;00
706200;INT. SUR COMPTE A TERME ETABLISS. FINANCIERS;00
706300;INT. SUR COMPTE A TERME AUPRES DES BANQUES;00
706400;INT. SUR COMPTE A TERME AUPRES DES IMF;00
706800;INT. SUR COMPTE A TERME AUPRES D'AUTRES ORGAN.;00
708000;COMMISIONS ET FRAIS ACCESSOIRES SUR CREDIT;00
708100;PRODUITS DES TITRES DE PARTICIPATION;00
708200;PRODUITS DES TITRES A COURT TERME;00
708300;PRODUITS NET/CESSION DES TITRES A CT;00
708400;PRODUITS SUR ENGAGEMENTS HORS BILAN;00
710000;REVENUS BIENS & SVCES REVENDUS AUX CLIENTS OU BENEF.;00
711000;DROITS D'ADHESION;00
711010;PRODUITS SUR OUVERTURE COMPTE;00
711100;FRAIS D'OUVERTURE OU INSCRIPTION SUR EPARGNE A TERME;00
711110;FRAIS D'OUVERTURE OU INSCRIPTION SUR EPARGNE STABLE;00
711200;FACTURATION SUR TRANSFERT D'AGENT;00
711300;VENTE DE CARNETS;00
711400;VENTE DE CARTES A PUCES;00
711800;ASSURANCE VIE EMPRUNTEUR;00
711805;FRAIS SUR TRANSFERT;00
711810;FRAIS FERMETURE DE COMPTE;00
711820;FRAIS TENUE DE COMPTE;00
711830;FRAIS DE DOSSIER-CREDIT;00
711890;AUTRES PRODUITS ACCESSOIRES;00
740000;JETONS DE PRESENCE ENCAISSES;00
741000;RENTREES SUR PERTES DE CREDIT;00
743000;EXCEDENTS DE CAISSE;00
744000;GAINS DE CHANGE;00
745000;REFACTURATION FRAIS DE SIEGE;00
748000;QUOTE PART SUR OPERATIONS EN COMMUN;00
748100;QUOTE PART RESULTAT/EXECUT. PARTIEL DE CONTRATS PLURI EXCES;00
748200;INDEMNITES D'ASSURANCE RECUES;00
748800;PRODUITS ET PROFITS DIVERS;00
750000;TRANSFERTS DE CHARGES D'EXPLOITATION;00
751000;TRANSFERTS DE CHARGES FINANCIERES;00
760000;REPRISE SUR AMORTISSEMENTS;00
761000;REPRISE SUR PROV. D'INTERETS ET COMMISSIONS;00
761100;REPRISE SUR PROV. POUR RISQUES ET CHARGES;00
761800;AUTRES REPRISES SUR PROVISIONS;00
770000;PRODUIT DES CESSIONS D'ÉLÉMENTS D'ACTIF;00
778000;PRODUITS EXCEPTIONNELS DE L'EXERCICES;00
778100;PRODUITS EXCEPTIONNELS/EXERCICES ANTERIEURS;00
790000;SUBVENT. EN NUMERAIRES POUR FONDS DE CREDIT;00
790800;SUBVENTIONS EN NUMERAIRES POUR COUVERTURES CHARGES;00
790810;SUBVENTIONS D'EQUILIBRE;00
791000;QUOTE-PART SUBVENT.EQUIP VIRÉES AU CPTE DE RÉSULTAT EXCE;00
791100;QUOTE-SUB.EQUIPMT VIREES AU CPTE DE RESULTAT/ EXCES ANT.;00
791100;QUOTE-SUB.EQUIPMT VIREES AU CPTE DE RESULTAT/ EXCES ANT.;00